PassengerId,Pclass,Sex,Age,Fare,Family,Is_Alone,Have_Age,Have_Cabin,Emb_C,Emb_Q,Emb_S,Title_Aristocratic.,Title_Master.,Title_Miss.,Title_Mr.,Title_Mrs.,Survived
892,3,0,34,5,7,8292,0,1,1,0,0,1,0,0,0,0,1,0,0
893,3,1,47,7,1,0,1,0,0,0,1,0,0,0,0,1,1
894,2,0,62,9,6875,0,1,1,0,0,1,0,0,0,0,1,0,1
895,3,0,27,8,6625,0,1,1,0,0,0,1,0,0,0,1,0,1
896,3,1,22,12,2875,2,0,1,0,0,0,1,0,0,0,0,1,0
897,3,0,14,9,225,0,1,1,0,0,0,1,0,0,0,1,0,0
898,3,1,30,7,6292,0,1,1,0,0,1,0,0,0,1,0,0,0
899,2,0,26,29,2,0,1,0,0,0,1,0,0,0,1,0,0
900,3,1,18,7,2292,0,1,1,0,1,0,0,0,0,0,0,1,1
901,3,0,21,24,15,2,0,1,0,0,0,1,0,0,0,1,0,1
902,3,0,28,5,7,8958,0,1,0,0,0,0,1,0,0,0,1,0,1
903,1,0,46,26,0,1,1,0,0,0,1,0,0,0,1,0,1
904,1,1,23,82,2667,1,0,1,1,0,0,1,0,0,0,0,1,0
905,2,0,63,26,1,0,1,0,0,0,1,0,0,0,1,0,0
906,1,1,47,61,175,1,0,1,1,0,0,1,0,0,0,0,1,0
907,2,1,24,27,7208,1,0,1,0,1,0,0,0,0,0,0,1,1
908,2,0,35,12,35,0,1,1,0,0,1,0,0,0,0,1,0,0
909,3,0,21,7,225,0,1,1,0,1,0,0,0,0,0,1,0,1
910,3,1,27,7,925,1,0,1,0,0,0,1,0,0,1,0,0,0
911,3,1,45,7,225,0,1,1,0,1,0,0,0,0,0,0,1,0
912,1,0,55,59,4,1,0,1,0,1,0,0,0,0,0,1,0,1
913,3,0,9,3,1708,1,0,1,0,0,0,1,0,1,0,0,0,0
914,1,1,36,5,31,6833,0,1,0,0,0,0,1,0,0,0,0,1,1
915,1,0,21,61,3792,1,0,1,0,1,0,0,0,0,0,1,0,1
916,1,1,48,262,375,4,0,1,1,1,0,0,0,0,0,0,1,1
917,3,0,50,14,5,1,0,1,0,0,0,1,0,0,0,1,0,0
918,1,1,22,61,9792,1,0,1,1,1,0,0,0,0,1,0,0,1
919,3,0,22,5,7,225,0,1,1,0,1,0,0,0,0,0,1,0,0
920,1,0,41,30,5,0,1,1,1,0,0,1,0,0,0,1,0,0
921,3,0,28,5,21,6792,2,0,0,0,1,0,0,0,0,0,1,0,1
922,2,0,50,26,1,0,1,0,0,0,1,0,0,0,1,0,0
923,2,0,24,31,5,2,0,1,0,0,0,1,0,0,0,1,0,0
924,3,1,33,20,575,3,0,1,0,0,0,1,0,0,0,0,1,1
925,3,1,36,5,23,45,3,0,0,0,0,0,1,0,0,0,0,1,1
926,1,0,30,57,75,1,0,1,1,1,0,0,0,0,0,1,0,0
927,3,0,18,5,7,2292,0,1,1,0,1,0,0,0,0,0,1,0,0
928,3,1,22,8,05,0,1,0,0,0,0,1,0,0,1,0,0,0
929,3,1,21,8,6625,0,1,1,0,0,0,1,0,0,1,0,0,1
930,3,0,25,9,5,0,1,1,0,0,0,1,0,0,0,1,0,0
931,3,0,28,5,56,4958,0,1,0,0,0,0,1,0,0,0,1,0,0
932,3,0,39,13,4167,1,0,1,0,1,0,0,0,0,0,1,0,1
933,1,0,28,5,26,55,0,1,0,1,0,0,1,0,0,0,1,0,0
934,3,0,41,7,85,0,1,1,0,0,0,1,0,0,0,1,0,0
935,2,1,30,13,0,1,1,0,0,0,1,0,0,0,0,1,0
936,1,1,45,52,5542,1,0,1,1,0,0,1,0,0,0,0,1,1
937,3,0,25,7,925,0,1,1,0,0,0,1,0,0,0,1,0,1
938,1,0,45,29,7,0,1,1,1,1,0,0,0,0,0,1,0,0
939,3,0,28,5,7,75,0,1,0,0,0,1,0,0,0,0,1,0,0
940,1,1,60,76,2917,0,1,1,1,1,0,0,0,0,0,0,1,1
941,3,1,36,15,9,2,0,1,0,0,0,1,0,0,0,0,1,0
942,1,0,24,60,1,0,1,1,0,0,1,0,0,0,1,0,0
943,2,0,27,15,0333,0,1,1,0,1,0,0,0,0,0,1,0,0
944,2,1,20,23,3,0,1,0,0,0,1,0,0,1,0,0,0
945,1,1,28,263,5,0,1,1,0,0,1,0,0,1,0,0,1
946,2,0,28,5,15,5792,0,1,0,0,1,0,0,0,0,0,1,0,1
947,3,0,10,29,125,5,0,1,0,0,1,0,0,1,0,0,0,0
948,3,0,35,7,8958,0,1,1,0,0,0,1,0,0,0,1,0,1
949,3,0,25,7,65,0,1,1,1,0,0,1,0,0,0,1,0,1
950,3,0,28,5,16,1,1,0,0,0,0,0,1,0,0,0,1,0,0
951,1,1,36,262,375,0,1,1,1,1,0,0,0,0,1,0,0,1
952,3,0,17,7,8958,0,1,1,0,0,0,1,0,0,0,1,0,0
953,2,0,32,13,5,0,1,1,0,0,0,1,0,0,0,1,0,0
954,3,0,18,7,75,0,1,1,0,0,0,1,0,0,0,1,0,1
955,3,1,22,7,725,0,1,1,0,0,1,0,0,0,1,0,0,0
956,1,0,13,262,375,4,0,1,1,1,0,0,0,1,0,0,0,0
957,2,1,36,5,21,0,1,0,0,0,0,1,0,0,0,0,1,0
958,3,1,18,7,8792,0,1,1,0,0,1,0,0,0,1,0,0,1
959,1,0,47,42,4,0,1,1,0,0,0,1,0,0,0,1,0,1
960,1,0,31,28,5375,0,1,1,1,1,0,0,0,0,0,1,0,0
961,1,1,60,263,5,0,1,1,0,0,1,0,0,0,0,1,1
962,3,1,24,7,75,0,1,1,0,0,1,0,0,0,1,0,0,0
963,3,0,21,7,8958,0,1,1,0,0,0,1,0,0,0,1,0,0
964,3,1,29,7,925,0,1,1,0,0,0,1,0,0,1,0,0,0
965,1,0,28,5,27,7208,0,1,1,1,1,0,0,0,0,0,1,0,0
966,1,1,35,211,5,0,1,1,1,1,0,0,0,0,1,0,0,0
967,1,0,32,5,211,5,0,1,1,1,1,0,0,0,0,0,1,0,0
968,3,0,28,5,8,05,0,1,0,0,0,0,1,0,0,0,1,0,1
969,1,1,55,25,7,2,0,1,1,0,0,1,0,0,0,0,1,0
970,2,0,30,13,0,1,1,0,0,0,1,0,0,0,1,0,0
971,3,1,24,7,75,0,1,1,0,0,1,0,0,0,1,0,0,0
972,3,0,6,15,2458,2,0,1,0,1,0,0,0,1,0,0,0,1
973,1,0,67,221,7792,1,0,1,1,0,0,1,0,0,0,1,0,1
974,1,0,49,26,0,1,1,0,0,0,1,0,0,0,1,0,0
975,3,0,28,5,7,8958,0,1,0,0,0,0,1,0,0,0,1,0,1
976,2,0,28,5,10,7083,0,1,0,0,0,1,0,0,0,0,1,0,1
977,3,0,28,5,14,4542,1,0,0,0,1,0,0,0,0,0,1,0,0
978,3,1,27,7,8792,0,1,1,0,0,1,0,0,0,1,0,0,1
979,3,1,18,8,05,0,1,1,0,0,0,1,0,0,1,0,0,1
980,3,1,28,7,75,0,1,0,0,0,1,0,0,0,0,0,1,0
981,2,0,2,23,2,0,1,0,0,0,1,0,1,0,0,0,0
982,3,1,22,13,9,1,0,1,0,0,0,1,0,0,0,0,1,1
983,3,0,28,5,7,775,0,1,0,0,0,0,1,0,0,0,1,0,0
984,1,1,27,52,3,0,1,1,0,0,1,0,0,0,0,1,0
985,3,0,28,5,8,05,0,1,0,0,0,0,1,0,0,0,1,0,0
986,1,0,25,26,0,1,1,0,1,0,0,0,0,0,1,0,0
987,3,0,25,7,7958,0,1,1,0,0,0,1,0,0,0,1,0,0
988,1,1,76,78,85,1,0,1,1,0,0,1,0,0,0,0,1,0
989,3,0,29,7,925,0,1,1,0,0,0,1,0,0,0,1,0,0
990,3,1,20,7,8542,0,1,1,0,0,0,1,0,0,1,0,0,0
991,3,0,33,8,05,0,1,1,0,0,0,1,0,0,0,1,0,1
992,1,1,43,55,4417,1,0,1,1,1,0,0,0,0,0,0,1,1
993,2,0,27,26,1,0,1,0,0,0,1,0,0,0,1,0,0
994,3,0,28,5,7,75,0,1,0,0,0,1,0,0,0,0,1,0,0
995,3,0,26,7,775,0,1,1,0,0,0,1,0,0,0,1,0,0
996,3,1,16,8,5167,2,0,1,0,1,0,0,0,0,0,0,1,0
997,3,0,28,22,525,0,1,1,0,0,0,1,0,0,0,1,0,0
998,3,0,21,7,8208,0,1,1,0,0,1,0,0,0,0,1,0,0
999,3,0,28,5,7,75,0,1,0,0,0,1,0,0,0,0,1,0,0
1000,3,0,28,5,8,7125,0,1,0,0,0,0,1,0,0,0,1,0,1
1001,2,0,18,5,13,0,1,1,1,0,0,1,0,0,0,1,0,1
1002,2,0,41,15,0458,0,1,1,0,1,0,0,0,0,0,1,0,0
1003,3,1,22,7,7792,0,1,0,0,0,1,0,0,0,1,0,0,1
1004,1,1,36,31,6792,0,1,1,1,1,0,0,0,0,1,0,0,0
1005,3,1,18,5,7,2833,0,1,1,0,0,1,0,0,0,1,0,0,0
1006,1,1,63,221,7792,1,0,1,1,0,0,1,0,0,0,0,1,0
1007,3,0,18,14,4542,1,0,1,0,1,0,0,0,0,0,1,0,0
1008,3,0,28,5,6,4375,0,1,0,0,1,0,0,0,0,0,1,0,0
1009,3,1,1,16,7,2,0,1,1,0,0,1,0,0,1,0,0,0
1010,1,0,36,75,2417,0,1,1,1,1,0,0,0,0,0,1,0,0
1011,2,1,29,26,1,0,1,0,0,0,1,0,0,0,0,1,0
1012,2,1,12,15,75,0,1,1,0,0,0,1,0,0,1,0,0,0
1013,3,0,28,5,7,75,1,0,0,0,0,1,0,0,0,0,1,0,0
1014,1,1,35,57,75,1,0,1,1,1,0,0,0,0,0,0,1,0
1015,3,0,28,7,25,0,1,1,0,0,0,1,0,0,0,1,0,0
1016,3,0,28,5,7,75,0,1,0,0,0,1,0,0,0,0,1,0,0
1017,3,1,17,16,1,1,0,1,0,0,0,1,0,0,1,0,0,1
1018,3,0,22,7,7958,0,1,1,0,0,0,1,0,0,0,1,0,0
1019,3,1,22,23,25,2,0,0,0,0,1,0,0,0,1,0,0,1
1020,2,0,42,13,0,1,1,0,0,0,1,0,0,0,1,0,0
1021,3,0,24,8,05,0,1,1,0,0,0,1,0,0,0,1,0,1
1022,3,0,32,8,05,0,1,1,0,0,0,1,0,0,0,1,0,1
1023,1,0,53,28,5,0,1,1,1,1,0,0,1,0,0,0,0,0
1024,3,1,36,5,25,4667,4,0,0,0,0,0,1,0,0,0,0,1,0
1025,3,0,28,5,6,4375,1,0,0,0,1,0,0,0,0,0,1,0,0
1026,3,0,43,7,8958,0,1,1,0,0,0,1,0,0,0,1,0,0
1027,3,0,24,7,8542,0,1,1,0,0,0,1,0,0,0,1,0,1
1028,3,0,26,5,7,225,0,1,1,0,1,0,0,0,0,0,1,0,0
1029,2,0,26,13,0,1,1,0,0,0,1,0,0,0,1,0,0
1030,3,1,23,8,05,0,1,1,0,0,0,1,0,0,1,0,0,1
1031,3,0,40,46,9,7,0,1,0,0,0,1,0,0,0,1,0,0
1032,3,1,10,46,9,7,0,1,0,0,0,1,0,0,1,0,0,0
1033,1,1,33,151,55,0,1,1,0,0,0,1,0,0,1,0,0,0
1034,1,0,61,262,375,4,0,1,1,1,0,0,0,0,0,1,0,0
1035,2,0,28,26,0,1,1,0,0,0,1,0,0,0,1,0,1
1036,1,0,42,26,55,0,1,1,0,0,0,1,0,0,0,1,0,1
1037,3,0,31,18,3,0,1,0,0,0,1,0,0,0,1,0,0
1038,1,0,28,5,51,8625,0,1,0,1,0,0,1,0,0,0,1,0,0
1039,3,0,22,8,05,0,1,1,0,0,0,1,0,0,0,1,0,0
1040,1,0,28,5,26,55,0,1,0,0,0,0,1,0,0,0,1,0,1
1041,2,0,30,26,2,0,1,0,0,0,1,1,0,0,0,0,0
1042,1,1,23,83,1583,1,0,1,1,1,0,0,0,0,0,0,1,0
1043,3,0,28,5,7,8958,0,1,0,0,1,0,0,0,0,0,1,0,0
1044,3,0,60,5,7,8958,0,1,1,0,0,0,1,0,0,0,1,0,0
1045,3,1,36,12,1833,2,0,1,0,0,0,1,0,0,0,0,1,1
1046,3,0,13,31,3875,6,0,1,0,0,0,1,0,1,0,0,0,0
1047,3,0,24,7,55,0,1,1,0,0,0,1,0,0,0,1,0,0
1048,1,1,29,221,7792,0,1,1,1,0,0,1,0,0,1,0,0,0
1049,3,1,23,7,8542,0,1,1,0,0,0,1,0,0,1,0,0,0
1050,1,0,42,26,55,0,1,1,1,0,0,1,0,0,0,1,0,1
1051,3,1,26,13,775,2,0,1,0,0,0,1,0,0,0,0,1,0
1052,3,1,22,7,7333,0,1,0,0,0,1,0,0,0,1,0,0,0
1053,3,0,7,15,2458,2,0,1,0,1,0,0,0,1,0,0,0,0
1054,2,1,26,13,5,0,1,1,0,0,0,1,0,0,1,0,0,0
1055,3,0,28,5,7,0,1,0,0,0,0,1,0,0,0,1,0,1
1056,2,0,41,13,0,1,1,0,0,0,1,1,0,0,0,0,0
1057,3,1,26,22,025,2,0,1,0,0,0,1,0,0,0,0,1,0
1058,1,0,48,50,4958,0,1,1,1,1,0,0,0,0,0,1,0,0
1059,3,0,18,34,375,4,0,1,0,0,0,1,0,0,0,1,0,1
1060,1,1,36,5,27,7208,0,1,0,0,1,0,0,0,0,0,0,1,1
1061,3,1,22,8,9625,0,1,1,0,0,0,1,0,0,1,0,0,0
1062,3,0,28,5,7,55,0,1,0,0,0,0,1,0,0,0,1,0,0
1063,3,0,27,7,225,0,1,1,0,1,0,0,0,0,0,1,0,0
1064,3,0,23,13,9,1,0,1,0,0,0,1,0,0,0,1,0,0
1065,3,0,28,5,7,2292,0,1,0,0,1,0,0,0,0,0,1,0,0
1066,3,0,40,31,3875,6,0,1,0,0,0,1,0,0,0,1,0,1
1067,2,1,15,39,2,0,1,0,0,0,1,0,0,1,0,0,0
1068,2,1,20,36,75,0,1,1,0,0,0,1,0,0,1,0,0,0
1069,1,0,54,55,4417,1,0,1,1,1,0,0,0,0,0,1,0,0
1070,2,1,36,39,3,0,1,1,0,0,1,0,0,0,0,1,0
1071,1,1,64,83,1583,2,0,1,1,1,0,0,0,0,0,0,1,0
1072,2,0,30,13,0,1,1,0,0,0,1,0,0,0,1,0,0
1073,1,0,37,83,1583,2,0,1,1,1,0,0,0,0,0,1,0,0
1074,1,1,18,53,1,1,0,1,1,0,0,1,0,0,0,0,1,0
1075,3,0,28,5,7,75,0,1,0,0,0,1,0,0,0,0,1,0,0
1076,1,1,27,247,5208,2,0,1,1,1,0,0,0,0,0,0,1,0
1077,2,0,40,16,0,1,1,0,0,0,1,0,0,0,1,0,1
1078,2,1,21,21,1,0,1,0,0,0,1,0,0,1,0,0,1
1079,3,0,17,8,05,2,0,1,0,0,0,1,0,0,0,1,0,0
1080,3,1,22,69,55,10,0,0,0,0,0,1,0,0,1,0,0,1
1081,2,0,40,13,0,1,1,0,0,0,1,0,0,0,1,0,1
1082,2,0,34,26,1,0,1,0,0,0,1,0,0,0,1,0,0
1083,1,0,28,5,26,0,1,0,0,0,0,1,0,0,0,1,0,0
1084,3,0,11,5,14,5,2,0,1,0,0,0,1,0,1,0,0,0,1
1085,2,0,61,12,35,0,1,1,0,0,1,0,0,0,0,1,0,0
1086,2,0,8,32,5,2,0,1,0,0,0,1,0,1,0,0,0,1
1087,3,0,33,7,8542,0,1,1,0,0,0,1,0,0,0,1,0,1
1088,1,0,6,134,5,2,0,1,1,1,0,0,0,1,0,0,0,1
1089,3,1,18,7,775,0,1,1,0,0,0,1,0,0,1,0,0,1
1090,2,0,23,10,5,0,1,1,0,0,0,1,0,0,0,1,0,0
1091,3,1,36,5,8,1125,0,1,0,0,0,0,1,0,0,0,0,1,0
1092,3,1,22,15,5,0,1,0,0,0,1,0,0,0,1,0,0,1
1093,3,0,0,33,14,4,2,0,1,0,0,0,1,0,1,0,0,0,0
1094,1,0,47,227,525,1,0,1,1,1,0,0,1,0,0,0,0,0
1095,2,1,8,26,2,0,1,0,0,0,1,0,0,1,0,0,0
1096,2,0,25,10,5,0,1,1,0,0,0,1,0,0,0,1,0,0
1097,1,0,28,5,25,7417,0,1,0,0,1,0,0,0,0,0,1,0,0
1098,3,1,35,7,75,0,1,1,0,0,1,0,0,0,1,0,0,1
1099,2,0,24,10,5,0,1,1,0,0,0,1,0,0,0,1,0,0
1100,1,1,33,27,7208,0,1,1,1,1,0,0,0,0,1,0,0,0
1101,3,0,25,7,8958,0,1,1,0,0,0,1,0,0,0,1,0,1
1102,3,0,32,22,525,0,1,1,0,0,0,1,0,0,0,1,0,1
1103,3,0,28,5,7,05,0,1,0,0,0,0,1,0,0,0,1,0,1
1104,2,0,17,73,5,0,1,1,0,0,0,1,0,0,0,1,0,0
1105,2,1,60,26,1,0,1,0,0,0,1,0,0,0,0,1,1
1106,3,1,38,7,775,6,0,1,0,0,0,1,0,0,1,0,0,0
1107,1,0,42,42,5,0,1,1,1,0,0,1,0,0,0,1,0,0
1108,3,1,22,7,8792,0,1,0,0,0,1,0,0,0,1,0,0,0
1109,1,0,57,164,8667,2,0,1,0,0,0,1,0,0,0,1,0,1
1110,1,1,50,211,5,2,0,1,1,1,0,0,0,0,0,0,1,1
1111,3,0,28,5,8,05,0,1,0,0,0,0,1,0,0,0,1,0,0
1112,2,1,30,13,8583,1,0,1,0,1,0,0,0,0,1,0,0,1
1113,3,0,21,8,05,0,1,1,0,0,0,1,0,0,0,1,0,0
1114,2,1,22,10,5,0,1,1,1,0,0,1,0,0,0,0,1,1
1115,3,0,21,7,7958,0,1,1,0,0,0,1,0,0,0,1,0,0
1116,1,1,53,27,4458,0,1,1,0,1,0,0,0,0,0,0,1,0
1117,3,1,36,5,15,2458,2,0,0,0,1,0,0,0,0,0,0,1,0
1118,3,0,23,7,7958,0,1,1,0,0,0,1,0,0,0,1,0,1
1119,3,1,22,7,75,0,1,0,0,0,1,0,0,0,1,0,0,0
1120,3,0,40,5,15,1,0,1,1,0,0,0,1,0,0,0,1,0,1
1121,2,0,36,13,0,1,1,0,0,0,1,0,0,0,1,0,0
1122,2,0,14,65,0,1,1,0,0,0,1,0,0,0,1,0,0
1123,1,1,21,26,55,0,1,1,0,0,0,1,0,0,1,0,0,0
1124,3,0,21,6,4958,1,0,1,0,0,0,1,0,0,0,1,0,1
1125,3,0,28,5,7,8792,0,1,0,0,0,1,0,0,0,0,1,0,0
1126,1,0,39,71,2833,1,0,1,1,1,0,0,0,0,0,1,0,0
1127,3,0,20,7,8542,0,1,1,0,0,0,1,0,0,0,1,0,1
1128,1,0,64,75,25,1,0,1,1,1,0,0,0,0,0,1,0,0
1129,3,0,20,7,225,0,1,1,0,1,0,0,0,0,0,1,0,0
1130,2,1,18,13,2,0,1,0,0,0,1,0,0,1,0,0,0
1131,1,1,48,106,425,1,0,1,1,1,0,0,0,0,0,0,1,1
1132,1,1,55,27,7208,0,1,1,0,1,0,0,0,0,0,0,1,0
1133,2,1,45,30,2,0,1,0,0,0,1,0,0,0,0,1,0
1134,1,0,45,134,5,2,0,1,1,1,0,0,0,0,0,1,0,0
1135,3,0,28,5,7,8875,0,1,0,0,0,0,1,0,0,0,1,0,1
1136,3,0,7,23,45,3,0,0,0,0,0,1,0,1,0,0,0,0
1137,1,0,41,51,8625,1,0,1,1,0,0,1,0,0,0,1,0,0
1138,2,1,22,21,0,1,1,0,0,0,1,0,0,0,0,1,0
1139,2,0,42,32,5,2,0,1,0,0,0,1,0,0,0,1,0,0
1140,2,1,29,26,1,0,1,0,0,0,1,0,0,0,0,1,0
1141,3,1,36,5,14,4542,1,0,0,0,1,0,0,0,0,0,0,1,1
1142,2,1,0,92,27,75,3,0,1,0,0,0,1,0,0,1,0,0,1
1143,3,0,20,7,925,0,1,1,0,0,0,1,0,0,0,1,0,0
1144,1,0,27,136,7792,1,0,1,1,1,0,0,0,0,0,1,0,0
1145,3,0,24,9,325,0,1,1,0,0,0,1,0,0,0,1,0,0
1146,3,0,32,5,9,5,0,1,1,0,0,0,1,0,0,0,1,0,0
1147,3,0,28,5,7,55,0,1,0,0,0,0,1,0,0,0,1,0,0
1148,3,0,28,5,7,75,0,1,0,0,0,1,0,0,0,0,1,0,0
1149,3,0,28,8,05,0,1,1,0,0,0,1,0,0,0,1,0,1
1150,2,1,19,13,0,1,1,0,0,0,1,0,0,1,0,0,1
1151,3,0,21,7,775,0,1,1,0,0,0,1,0,0,0,1,0,1
1152,3,0,36,5,17,4,1,0,1,0,0,0,1,0,0,0,1,0,1
1153,3,0,21,7,8542,0,1,1,0,0,0,1,0,0,0,1,0,1
1154,2,1,29,23,2,0,1,0,0,0,1,0,0,0,0,1,0
1155,3,1,1,12,1833,2,0,1,0,0,0,1,0,0,1,0,0,1
1156,2,0,30,12,7375,0,1,1,0,1,0,0,0,0,0,1,0,0
1157,3,0,28,5,7,8958,0,1,0,0,0,0,1,0,0,0,1,0,0
1158,1,0,28,5,60,0,1,0,0,0,0,1,0,0,0,1,0,0
1159,3,0,28,5,7,55,0,1,0,0,0,0,1,0,0,0,1,0,0
1160,3,1,22,8,05,0,1,0,0,0,0,1,0,0,1,0,0,0
1161,3,0,17,8,6625,0,1,1,0,0,0,1,0,0,0,1,0,0
1162,1,0,46,75,2417,0,1,1,1,1,0,0,0,0,0,1,0,1
1163,3,0,28,5,7,75,0,1,0,0,0,1,0,0,0,0,1,0,1
1164,1,1,26,136,7792,1,0,1,1,1,0,0,0,0,0,0,1,1
1165,3,1,22,15,5,1,0,0,0,0,1,0,0,0,1,0,0,0
1166,3,0,28,5,7,225,0,1,0,0,1,0,0,0,0,0,1,0,1
1167,2,1,20,26,1,0,1,0,0,0,1,0,0,1,0,0,1
1168,2,0,28,10,5,0,1,1,0,0,0,1,0,0,0,1,0,0
1169,2,0,40,26,1,0,1,0,0,0,1,0,0,0,1,0,1
1170,2,0,30,21,1,0,1,0,0,0,1,0,0,0,1,0,1
1171,2,0,22,10,5,0,1,1,0,0,0,1,0,0,0,1,0,0
1172,3,1,23,8,6625,0,1,1,0,0,0,1,0,0,1,0,0,0
1173,3,0,0,75,13,775,2,0,1,0,0,0,1,0,1,0,0,0,0
1174,3,1,22,7,75,0,1,0,0,0,1,0,0,0,1,0,0,1
1175,3,1,9,15,2458,2,0,1,0,1,0,0,0,0,1,0,0,0
1176,3,1,2,20,2125,2,0,1,0,0,0,1,0,0,1,0,0,0
1177,3,0,36,7,25,0,1,1,0,0,0,1,0,0,0,1,0,0
1178,3,0,28,5,7,25,0,1,0,0,0,0,1,0,0,0,1,0,1
1179,1,0,24,82,2667,1,0,1,1,0,0,1,0,0,0,1,0,0
1180,3,0,28,5,7,2292,0,1,0,1,1,0,0,0,0,0,1,0,0
1181,3,0,28,5,8,05,0,1,0,0,0,0,1,0,0,0,1,0,1
1182,1,0,28,5,39,6,0,1,0,0,0,0,1,0,0,0,1,0,0
1183,3,1,30,6,95,0,1,1,0,0,1,0,0,0,1,0,0,1
1184,3,0,28,5,7,2292,0,1,0,0,1,0,0,0,0,0,1,0,1
1185,1,0,53,81,8583,2,0,1,1,0,0,1,1,0,0,0,0,1
1186,3,0,36,9,5,0,1,1,0,0,0,1,0,0,0,1,0,1
1187,3,0,26,7,8958,0,1,1,0,0,0,1,0,0,0,1,0,0
1188,2,1,1,41,5792,3,0,1,0,1,0,0,0,0,1,0,0,0
1189,3,0,28,5,21,6792,2,0,0,0,1,0,0,0,0,0,1,0,0
1190,1,0,30,45,5,0,1,1,0,0,0,1,0,0,0,1,0,0
1191,3,0,29,7,8542,0,1,1,0,0,0,1,0,0,0,1,0,0
1192,3,0,32,7,775,0,1,1,0,0,0,1,0,0,0,1,0,0
1193,2,0,28,5,15,0458,0,1,0,1,1,0,0,0,0,0,1,0,1
1194,2,0,43,21,1,0,1,0,0,0,1,0,0,0,1,0,1
1195,3,0,24,8,6625,0,1,1,0,0,0,1,0,0,0,1,0,1
1196,3,1,22,7,75,0,1,0,0,0,1,0,0,0,1,0,0,1
1197,1,1,64,26,55,2,0,1,1,0,0,1,0,0,0,0,1,0
1198,1,0,30,151,55,3,0,1,1,0,0,1,0,0,0,1,0,1
1199,3,0,0,83,9,35,1,0,1,0,0,0,1,0,1,0,0,0,0
1200,1,0,55,93,5,2,0,1,1,0,0,1,0,0,0,1,0,1
1201,3,1,45,14,1083,1,0,1,0,0,0,1,0,0,0,0,1,1
1202,3,0,18,8,6625,0,1,1,0,0,0,1,0,0,0,1,0,1
1203,3,0,22,7,225,0,1,1,0,1,0,0,0,0,0,1,0,0
1204,3,0,28,5,7,575,0,1,0,0,0,0,1,0,0,0,1,0,1
1205,3,1,37,7,75,0,1,1,0,0,1,0,0,0,1,0,0,1
1206,1,1,55,135,6333,0,1,1,1,1,0,0,0,0,0,0,1,1
1207,3,1,17,7,7333,0,1,1,0,0,1,0,0,0,1,0,0,0
1208,1,0,57,146,5208,1,0,1,1,1,0,0,0,0,0,1,0,0
1209,2,0,19,10,5,0,1,1,0,0,0,1,0,0,0,1,0,0
1210,3,0,27,7,8542,0,1,1,0,0,0,1,0,0,0,1,0,1
1211,2,0,22,31,5,2,0,1,0,0,0,1,0,0,0,1,0,1
1212,3,0,26,7,775,0,1,1,0,0,0,1,0,0,0,1,0,0
1213,3,0,25,7,2292,0,1,1,1,1,0,0,0,0,0,1,0,1
1214,2,0,26,13,0,1,1,1,0,0,1,0,0,0,1,0,1
1215,1,0,33,26,55,0,1,1,0,0,0,1,0,0,0,1,0,0
1216,1,1,39,211,3375,0,1,1,0,0,0,1,0,0,1,0,0,0
1217,3,0,23,7,05,0,1,1,0,0,0,1,0,0,0,1,0,1
1218,2,1,12,39,3,0,1,1,0,0,1,0,0,1,0,0,1
1219,1,0,46,79,2,0,1,1,0,1,0,0,0,0,0,1,0,0
1220,2,0,29,26,1,0,1,0,0,0,1,0,0,0,1,0,1
1221,2,0,21,13,0,1,1,0,0,0,1,0,0,0,1,0,0
1222,2,1,48,36,75,2,0,1,0,0,0,1,0,0,0,0,1,1
1223,1,0,39,29,7,0,1,1,1,1,0,0,0,0,0,1,0,1
1224,3,0,28,5,7,225,0,1,0,0,1,0,0,0,0,0,1,0,1
1225,3,1,19,15,7417,2,0,1,0,1,0,0,0,0,0,0,1,1
1226,3,0,27,7,8958,0,1,1,0,0,0,1,0,0,0,1,0,0
1227,1,0,30,26,0,1,1,1,0,0,1,0,0,0,1,0,0
1228,2,0,32,13,0,1,1,0,0,0,1,0,0,0,1,0,0
1229,3,0,39,7,2292,2,0,1,0,1,0,0,0,0,0,1,0,1
1230,2,0,25,31,5,0,1,1,0,0,0,1,0,0,0,1,0,0
1231,3,0,7,7,2292,0,1,0,0,1,0,0,0,1,0,0,0,0
1232,2,0,18,10,5,0,1,1,0,0,0,1,0,0,0,1,0,1
1233,3,0,32,7,5792,0,1,1,0,0,0,1,0,0,0,1,0,1
1234,3,0,28,5,69,55,10,0,0,0,0,0,1,0,0,0,1,0,0
1235,1,1,58,512,3292,1,0,1,1,1,0,0,0,0,0,0,1,1
1236,3,0,7,14,5,2,0,0,0,0,0,1,0,1,0,0,0,1
1237,3,1,16,7,65,0,1,1,0,0,0,1,0,0,1,0,0,0
1238,2,0,26,13,0,1,1,0,0,0,1,0,0,0,1,0,0
1239,3,1,38,7,2292,0,1,1,0,1,0,0,0,0,0,0,1,0
1240,2,0,24,13,5,0,1,1,0,0,0,1,0,0,0,1,0,1
1241,2,1,31,21,0,1,1,0,0,0,1,0,0,1,0,0,1
1242,1,1,45,63,3583,1,0,1,1,1,0,0,0,0,0,0,1,1
1243,2,0,25,10,5,0,1,1,0,0,0,1,0,0,0,1,0,1
1244,2,0,18,73,5,0,1,1,0,0,0,1,0,0,0,1,0,0
1245,2,0,49,65,3,0,1,0,0,0,1,0,0,0,1,0,0
1246,3,1,0,17,20,575,3,0,1,0,0,0,1,0,0,1,0,0,0
1247,1,0,50,26,0,1,1,1,0,0,1,0,0,0,1,0,0
1248,1,1,59,51,4792,2,0,1,1,0,0,1,0,0,0,0,1,0
1249,3,0,28,5,7,8792,0,1,0,0,0,0,1,0,0,0,1,0,0
1250,3,0,28,5,7,75,0,1,0,0,0,1,0,0,0,0,1,0,0
1251,3,1,30,15,55,1,0,1,0,0,0,1,0,0,0,0,1,1
1252,3,0,14,5,69,55,10,0,1,0,0,0,1,0,1,0,0,0,0
1253,2,1,24,37,0042,2,0,1,0,1,0,0,0,0,0,0,1,1
1254,2,1,31,21,0,1,1,0,0,0,1,0,0,0,0,1,1
1255,3,0,27,8,6625,0,1,1,0,0,0,1,0,0,0,1,0,0
1256,1,1,25,55,4417,1,0,1,1,1,0,0,0,0,0,0,1,0
1257,3,1,36,5,69,55,10,0,0,0,0,0,1,0,0,0,0,1,0
1258,3,0,28,5,14,4583,1,0,0,0,1,0,0,0,0,0,1,0,0
1259,3,1,22,39,6875,0,1,1,0,0,0,1,0,0,1,0,0,0
1260,1,1,45,59,4,1,0,1,0,1,0,0,0,0,0,0,1,0
1261,2,0,29,13,8583,0,1,1,0,1,0,0,0,0,0,1,0,1
1262,2,0,21,11,5,1,0,1,0,0,0,1,0,0,0,1,0,1
1263,1,1,31,134,5,0,1,1,1,1,0,0,0,0,1,0,0,1
1264,1,0,49,60,0,1,1,1,0,0,1,0,0,0,1,0,1
1265,2,0,44,13,0,1,1,0,0,0,1,0,0,0,1,0,1
1266,1,1,54,81,8583,2,0,1,1,0,0,1,0,0,0,0,1,0
1267,1,1,45,262,375,0,1,1,0,1,0,0,0,0,1,0,0,0
1268,3,1,22,8,6625,2,0,1,0,0,0,1,0,0,1,0,0,0
1269,2,0,21,11,5,0,1,1,0,0,0,1,0,0,0,1,0,0
1270,1,0,55,50,0,1,1,1,0,0,1,0,0,0,1,0,1
1271,3,0,5,31,3875,6,0,1,0,0,0,1,0,1,0,0,0,1
1272,3,0,28,5,7,75,0,1,0,0,0,1,0,0,0,0,1,0,0
1273,3,0,26,7,8792,0,1,1,0,0,1,0,0,0,0,1,0,0
1274,3,1,36,5,14,5,0,1,0,0,0,0,1,0,0,0,0,1,0
1275,3,1,19,16,1,1,0,1,0,0,0,1,0,0,0,0,1,1
1276,2,0,28,5,12,875,0,1,0,0,0,0,1,0,0,0,1,0,1
1277,2,1,24,65,3,0,1,0,0,0,1,0,0,1,0,0,0
1278,3,0,24,7,775,0,1,1,0,0,0,1,0,0,0,1,0,1
1279,2,0,57,13,0,1,1,0,0,0,1,0,0,0,1,0,0
1280,3,0,21,7,75,0,1,1,0,0,1,0,0,0,0,1,0,0
1281,3,0,6,21,075,4,0,1,0,0,0,1,0,1,0,0,0,0
1282,1,0,23,93,5,0,1,1,1,0,0,1,0,0,0,1,0,1
1283,1,1,51,39,4,1,0,1,1,0,0,1,0,0,0,0,1,0
1284,3,0,13,20,25,2,0,1,0,0,0,1,0,1,0,0,0,1
1285,2,0,47,10,5,0,1,1,0,0,0,1,0,0,0,1,0,1
1286,3,0,29,22,025,4,0,1,0,0,0,1,0,0,0,1,0,1
1287,1,1,18,60,1,0,1,1,0,0,1,0,0,0,0,1,0
1288,3,0,24,7,25,0,1,1,0,0,1,0,0,0,0,1,0,1
1289,1,1,48,79,2,2,0,1,1,1,0,0,0,0,0,0,1,1
1290,3,0,22,7,775,0,1,1,0,0,0,1,0,0,0,1,0,0
1291,3,0,31,7,7333,0,1,1,0,0,1,0,0,0,0,1,0,0
1292,1,1,30,164,8667,0,1,1,1,0,0,1,0,0,1,0,0,0
1293,2,0,38,21,1,0,1,0,0,0,1,0,0,0,1,0,0
1294,1,1,22,59,4,1,0,1,0,1,0,0,0,0,1,0,0,1
1295,1,0,17,47,1,0,1,1,0,0,0,1,0,0,0,1,0,1
1296,1,0,43,27,7208,1,0,1,1,1,0,0,0,0,0,1,0,0
1297,2,0,20,13,8625,0,1,1,1,1,0,0,0,0,0,1,0,0
1298,2,0,23,10,5,1,0,1,0,0,0,1,0,0,0,1,0,0
1299,1,0,50,211,5,2,0,1,1,1,0,0,0,0,0,1,0,0
1300,3,1,22,7,7208,0,1,0,0,0,1,0,0,0,1,0,0,0
1301,3,1,3,13,775,2,0,1,0,0,0,1,0,0,1,0,0,0
1302,3,1,22,7,75,0,1,0,0,0,1,0,0,0,1,0,0,1
1303,1,1,37,90,1,0,1,1,0,1,0,0,0,0,0,1,0
1304,3,1,28,7,775,0,1,1,0,0,0,1,0,0,1,0,0,0
1305,3,0,28,5,8,05,0,1,0,0,0,0,1,0,0,0,1,0,0
1306,1,1,39,108,9,0,1,1,1,1,0,0,1,0,0,0,0,0
1307,3,0,38,5,7,25,0,1,1,0,0,0,1,0,0,0,1,0,1
1308,3,0,28,5,8,05,0,1,0,0,0,0,1,0,0,0,1,0,0
1309,3,0,7,22,3583,2,0,0,0,1,0,0,0,1,0,0,0,1